method,event,trigger_frame,region,radius,left_hand_error_mean,right_hand_error_mean,hand_error_mean,hand_error_worst,hand_local_laplacian_mean,object_neighbor_laplacian_mean
original,contact,30,exact,0,0.040003722045605164,0.04508762364461097,0.042545672845108067,0.04508762364461097,0.0654859908364747,0.02055687792753948
original,contact,30,pm1,1,0.03989079655614706,0.04633529927927551,0.043113047917711284,0.0471785888365706,0.06510044207860753,0.02037367998565715
original,contact,30,pm3,3,0.03934641451330221,0.045347279351712226,0.04234684693250722,0.048770104207306306,0.06287895356631787,0.020186964694415
original,lift,66,exact,0,0.033753210263673825,0.020354680165159164,0.027053945214416494,0.033753210263673825,0.04560366153837393,0.019575202389101827
original,lift,66,pm1,1,0.03373110062443588,0.021032504125265524,0.0273818023748507,0.03572373290810995,0.0453318037530297,0.019537804027684815
original,lift,66,pm3,3,0.033268016219181476,0.021695233038752936,0.02748162462896721,0.03581912673409095,0.04525712349961196,0.019587766138453745
original,place,162,exact,0,0.03475451455588496,0.033797914579382665,0.034276214567633814,0.03475451455588496,0.05430410298087006,0.019844558992770496
original,place,162,pm1,1,0.03458201938551565,0.03377820229351385,0.034180110839514756,0.036755947263262034,0.05397706311903464,0.019837792927276353
original,place,162,pm3,3,0.0327518516696973,0.03394225931085311,0.03334705549027521,0.03697167779400221,0.05228081380714773,0.01976709775782651
original,release,167,exact,0,0.010984909806023256,0.03424248475821063,0.022613697282116943,0.03424248475821063,0.03822903604643474,0.019461831963256092
original,release,167,pm1,1,0.011735486812236025,0.034249993291461715,0.02299274005184887,0.03568287966760586,0.03833565003700117,0.01941420286266947
original,release,167,pm3,3,0.014528360748583458,0.03086994830802828,0.02269915452830587,0.03568287966760586,0.038191370942922576,0.019395974141355188
uniform_2,contact,30,exact,0,0.04025552111895668,0.045058253093371886,0.04265688710616428,0.045058253093371886,0.0655271414119424,0.020542669758224975
uniform_2,contact,30,pm1,1,0.0398152441320962,0.04635942199232276,0.043087333062209486,0.047271794104287806,0.06499380730082462,0.020360149281519285
uniform_2,contact,30,pm3,3,0.039293896880008936,0.04531004399721132,0.04230197043861012,0.04880660766611071,0.06282685957313425,0.020178870107946046
uniform_2,lift,66,exact,0,0.03289745433263512,0.02257718881233637,0.027737321572485745,0.03289745433263512,0.04674861144607931,0.019551224314146125
uniform_2,lift,66,pm1,1,0.033065484252713946,0.021696726204782107,0.027381105228748027,0.03517705349098605,0.045700312877961724,0.01956153499366486
uniform_2,lift,66,pm3,3,0.032771897593271766,0.02108663723835739,0.02692926741581458,0.035743751099791166,0.04513583428972951,0.019637548438622893
uniform_2,place,162,exact,0,0.03457756683717367,0.03410902327865978,0.03434329505791672,0.03457756683717367,0.05437709586996391,0.0198278174417052
uniform_2,place,162,pm1,1,0.03444989550060126,0.03387044599390176,0.03416017074725151,0.03658785487889396,0.05397642113695892,0.019827258048871328
uniform_2,place,162,pm3,3,0.032607198958042746,0.03400520445185169,0.03330620170494722,0.03709629567699811,0.052271122481499226,0.01975746115312432
uniform_2,release,167,exact,0,0.011134730622937732,0.03416567705596952,0.022650203839453625,0.03416567705596952,0.03815304697493467,0.019449878492409346
uniform_2,release,167,pm1,1,0.011845358021429058,0.0341248753460711,0.022985116683750084,0.03543505086987493,0.0382676313645916,0.019405923129525996
uniform_2,release,167,pm3,3,0.014529918831661024,0.030747098322647954,0.02263850857715449,0.03543505086987493,0.0381148406374111,0.019391921001181665
always_hand_raw,contact,30,exact,0,0.03931878618893002,0.039389667464596156,0.03935422682676309,0.039389667464596156,0.06324588491278096,0.020788765000832134
always_hand_raw,contact,30,pm1,1,0.039602331441448764,0.04021622023554226,0.03990927583849552,0.04070960665302452,0.06282072860623254,0.02060490465161199
always_hand_raw,contact,30,pm3,3,0.03906018439026792,0.03935098424655103,0.039205584318409474,0.04365865431084682,0.06032322196208323,0.02040557562941358
always_hand_raw,lift,66,exact,0,0.029887143265677985,0.016936053592585723,0.023411598429131854,0.029887143265677985,0.04070148081576869,0.018875242814407764
always_hand_raw,lift,66,pm1,1,0.03140505868461996,0.019752839009583342,0.025578948847101646,0.033142408160443476,0.0421257363638588,0.0187498428538069
always_hand_raw,lift,66,pm3,3,0.03177345439910567,0.019752746663358866,0.02576310053123227,0.033507567607400576,0.04210132790946085,0.018780182232473547
always_hand_raw,place,162,exact,0,0.030758171110515407,0.026513328592666998,0.028635749851591202,0.030758171110515407,0.047184601786400396,0.020119311389258855
always_hand_raw,place,162,pm1,1,0.030356814950936367,0.027064512457000797,0.028710663703968586,0.032360174709200606,0.04676761477547083,0.02010165947224422
always_hand_raw,place,162,pm3,3,0.029462869688276775,0.02773735324176535,0.028600111465021054,0.03311299836633411,0.04529823953241675,0.01997689571495953
always_hand_raw,release,167,exact,0,0.009657005874076786,0.023766767703249675,0.01671188678866323,0.023766767703249675,0.02748045209227904,0.019458831159896203
always_hand_raw,release,167,pm1,1,0.009323314871252063,0.024028398132930787,0.016675856502091427,0.02468543452147872,0.027864607889500115,0.01948243562222816
always_hand_raw,release,167,pm3,3,0.011767695006584113,0.022785710818320377,0.01727670291245224,0.02749768100857914,0.028267125120535423,0.019509976440603854
always_hand_matched,contact,30,exact,0,0.03925746646653834,0.04384943645816103,0.041553451462349685,0.04384943645816103,0.06423113596012239,0.02061219393848404
always_hand_matched,contact,30,pm1,1,0.03939546150645437,0.04473692087016675,0.042066191188310564,0.04524232514426291,0.06382456436322681,0.020431953578484645
always_hand_matched,contact,30,pm3,3,0.03896138503333594,0.04371101497715602,0.04133620000524598,0.04709872022686487,0.0617372535792303,0.020234978412211592
always_hand_matched,lift,66,exact,0,0.034826542169986416,0.020782767010266337,0.027804654590126376,0.034826542169986416,0.04516510513652265,0.019333608447925053
always_hand_matched,lift,66,pm1,1,0.03417393836773671,0.02051474907490328,0.027344343721319997,0.03511938310115032,0.044493111479938036,0.01933079655694085
always_hand_matched,lift,66,pm3,3,0.033225858150347974,0.019750074867540712,0.026487966508944336,0.03511938310115032,0.04386349066395047,0.01942282375890699
always_hand_matched,place,162,exact,0,0.03398842116897585,0.033222630008548984,0.03360552558876242,0.03398842116897585,0.05291511723400281,0.019844675597181352
always_hand_matched,place,162,pm1,1,0.0337816623047857,0.03321585519987573,0.033498758752330715,0.035781816747230646,0.05250249647750784,0.019835267804207173
always_hand_matched,place,162,pm3,3,0.031956286494519114,0.0332867163605588,0.03262150142753896,0.03606917085783253,0.05070037457644798,0.01976022420390997
always_hand_matched,release,167,exact,0,0.01067789647078407,0.031569946907760126,0.021123921689272098,0.031569946907760126,0.034333875415166915,0.01934265905491256
always_hand_matched,release,167,pm1,1,0.010979316387174564,0.03189515017547203,0.021437233281323298,0.032937396314516615,0.0350401288873819,0.01933603403193425
always_hand_matched,release,167,pm3,3,0.013367114481529016,0.02899387481620686,0.021180494648867936,0.032937396314516615,0.03508570717144101,0.019370823202652244
random_time_hand_0,contact,30,exact,0,0.04025552111895668,0.045058253093371886,0.04265688710616428,0.045058253093371886,0.0655271414119424,0.020542669758224975
random_time_hand_0,contact,30,pm1,1,0.0398152441320962,0.04635942199232276,0.043087333062209486,0.047271794104287806,0.06499380730082462,0.020360149281519285
random_time_hand_0,contact,30,pm3,3,0.039293896880008936,0.04531004399721132,0.04230197043861012,0.04880660766611071,0.06282685957313425,0.020178870107946046
random_time_hand_0,lift,66,exact,0,0.032014145316302825,0.02235209987632312,0.027183122596312972,0.032014145316302825,0.04691241272568994,0.01955541328325177
random_time_hand_0,lift,66,pm1,1,0.03201807840820342,0.022084781816747463,0.027051430112475443,0.033694015214657834,0.046243822974922084,0.01954237733390402
random_time_hand_0,lift,66,pm3,3,0.03204954628635453,0.021870530986789708,0.026960038636572124,0.03528366219739596,0.04570974356484251,0.019602983747793977
random_time_hand_0,place,162,exact,0,0.03379183519742389,0.03327245663053505,0.03353214591397947,0.03379183519742389,0.05263047209522213,0.019843685553560128
random_time_hand_0,place,162,pm1,1,0.033609058344483175,0.03314456681656654,0.033376812580524856,0.03559788412031761,0.052218053369061844,0.019837577062815543
random_time_hand_0,place,162,pm3,3,0.031574071958056574,0.03311556511425292,0.03234481853615475,0.03582759260250111,0.05019613965338699,0.019765603297390844
random_time_hand_0,release,167,exact,0,0.010079550803200894,0.030764474763093262,0.020422012783147078,0.030764474763093262,0.03310700681654916,0.019331734243230654
random_time_hand_0,release,167,pm1,1,0.010464494405831073,0.031372506556369695,0.020918500481100385,0.03212630229496008,0.03408017113529816,0.01932095757335736
random_time_hand_0,release,167,pm3,3,0.012943429656737332,0.029167975707180483,0.02105570268195891,0.03212630229496008,0.03445097873008139,0.019342900960698052
random_time_hand_1,contact,30,exact,0,0.04025552111895668,0.045058253093371886,0.04265688710616428,0.045058253093371886,0.0655271414119424,0.020542669758224975
random_time_hand_1,contact,30,pm1,1,0.0398152441320962,0.04635942199232276,0.043087333062209486,0.047271794104287806,0.06499380730082462,0.020360149281519285
random_time_hand_1,contact,30,pm3,3,0.039293896880008936,0.04531004399721132,0.04230197043861012,0.04880660766611071,0.06282685957313425,0.020178870107946046
random_time_hand_1,lift,66,exact,0,0.03289745433263512,0.02257718881233637,0.027737321572485745,0.03289745433263512,0.04674861144607931,0.019551224314146125
random_time_hand_1,lift,66,pm1,1,0.033065484252713946,0.021696726204782107,0.027381105228748027,0.03517705349098605,0.045700312877961724,0.01956153499366486
random_time_hand_1,lift,66,pm3,3,0.032771897593271766,0.02108663723835739,0.02692926741581458,0.035743751099791166,0.04513583428972951,0.019637548438622893
random_time_hand_1,place,162,exact,0,0.034718172069011316,0.0339021153105199,0.03431014368976561,0.034718172069011316,0.05448974290253084,0.019857010428284787
random_time_hand_1,place,162,pm1,1,0.03450162917845629,0.03390067563514934,0.03420115240680282,0.03652655951840503,0.05410889412771062,0.01984716201058592
random_time_hand_1,place,162,pm3,3,0.032563302213263735,0.03395186534946278,0.03325758378136325,0.03698761730238112,0.05220751068381912,0.0197755060515503
random_time_hand_1,release,167,exact,0,0.010867948791310249,0.034078627426018214,0.02247328810866423,0.034078627426018214,0.03804915920568672,0.019471121804979487
random_time_hand_1,release,167,pm1,1,0.011765515422769891,0.034052210043252304,0.0229088627330111,0.0354369394772293,0.03819485487803912,0.01941998222474475
random_time_hand_1,release,167,pm3,3,0.014479538178668577,0.030667069325878593,0.022573303752273583,0.0354369394772293,0.038033596248446024,0.019402867277570828
random_time_hand_2,contact,30,exact,0,0.03746447374241417,0.03990339406231037,0.03868393390236227,0.03990339406231037,0.06176222473113867,0.020728456513676587
random_time_hand_2,contact,30,pm1,1,0.03774553091864007,0.04007662501387174,0.038911077966255904,0.04078227334733185,0.06103479938272698,0.020559215479615728
random_time_hand_2,contact,30,pm3,3,0.03773941673052931,0.03933513392292936,0.038537275326729334,0.042687033847693,0.05923556929197903,0.0203661739606571
random_time_hand_2,lift,66,exact,0,0.03389006170752096,0.019632285083721022,0.02676117339562099,0.03389006170752096,0.04392637823011137,0.019234914260472087
random_time_hand_2,lift,66,pm1,1,0.033210185109964964,0.0199088745268399,0.02655952981840243,0.03389006170752096,0.04337316040291397,0.019200951916367944
random_time_hand_2,lift,66,pm3,3,0.03190695712470488,0.019293037331760975,0.025599997228232925,0.03389006170752096,0.042736417606855974,0.019209653513045676
random_time_hand_2,place,162,exact,0,0.03365297051758817,0.03330648530069147,0.03347972790913982,0.03365297051758817,0.052554342960918786,0.019837423146971768
random_time_hand_2,place,162,pm1,1,0.033391316018361615,0.033295710080848855,0.03334351304960523,0.035489966242935475,0.05213263776944547,0.019827948900592283
random_time_hand_2,place,162,pm3,3,0.031439023709287986,0.03323357509092238,0.03233629940010519,0.03621676599786109,0.05014129856409723,0.019754612722260072
random_time_hand_2,release,167,exact,0,0.01014644499680692,0.03096794291344273,0.020557193955124824,0.03096794291344273,0.03317237207887147,0.019317726056411105
random_time_hand_2,release,167,pm1,1,0.010565572936184169,0.03148918641969476,0.021027379677939467,0.03215740818618559,0.03418055772210694,0.019312895939890485
random_time_hand_2,release,167,pm3,3,0.012938704349574979,0.02920926186701537,0.021073983108295172,0.03215740818618559,0.03447249068513114,0.019340717954039608
random_time_hand_3,contact,30,exact,0,0.04082389090783421,0.04294107561857009,0.04188248326320215,0.04294107561857009,0.06442681783791765,0.020568718748511138
random_time_hand_3,contact,30,pm1,1,0.04028985632323721,0.044087842502192914,0.042188849412715064,0.04473381371802923,0.0636985916426042,0.020386919167224474
random_time_hand_3,contact,30,pm3,3,0.03964983031985382,0.04285853169999484,0.04125418100992433,0.046548529261002614,0.06138311600161376,0.02020320113330933
random_time_hand_3,lift,66,exact,0,0.03446667695979681,0.021228811252594806,0.02784774410619581,0.03446667695979681,0.045034012936574545,0.019290145704610847
random_time_hand_3,lift,66,pm1,1,0.033814632280330784,0.019672248794522427,0.0267434405374266,0.03446667695979681,0.043641179797877516,0.019297119888546575
random_time_hand_3,lift,66,pm3,3,0.03312964155203773,0.019164455130583718,0.02614704834131072,0.034802932473875836,0.04318841027261438,0.019371202928226555
random_time_hand_3,place,162,exact,0,0.03364701156758082,0.03323815564745167,0.033442583607516244,0.03364701156758082,0.05252816602098391,0.019824990025818657
random_time_hand_3,place,162,pm1,1,0.0333559317906415,0.03328829817202261,0.03332211498133206,0.03541141607759714,0.052106718997982575,0.01981349845958937
random_time_hand_3,place,162,pm3,3,0.0314118462625362,0.033319371224553154,0.03236560874354468,0.03617572048482309,0.050175449508716094,0.019737834749292155
random_time_hand_3,release,167,exact,0,0.010047236085925719,0.0306635624937849,0.02035539928985531,0.0306635624937849,0.03298775375735548,0.019324266166575066
random_time_hand_3,release,167,pm1,1,0.010974131081430971,0.0322295039400018,0.021601817510716385,0.034721514550775795,0.03519101446134337,0.019323261148547665
random_time_hand_3,release,167,pm3,3,0.01394998672498753,0.02969705365556514,0.021823520190276335,0.034721514550775795,0.03618162765770193,0.019330306978045855
random_time_hand_4,contact,30,exact,0,0.04025552111895668,0.045058253093371886,0.04265688710616428,0.045058253093371886,0.0655271414119424,0.020542669758224975
random_time_hand_4,contact,30,pm1,1,0.0398152441320962,0.04635942199232276,0.043087333062209486,0.047271794104287806,0.06499380730082462,0.020360149281519285
random_time_hand_4,contact,30,pm3,3,0.039293896880008936,0.04531004399721132,0.04230197043861012,0.04880660766611071,0.06282685957313425,0.020178870107946046
random_time_hand_4,lift,66,exact,0,0.03289745433263512,0.02257718881233637,0.027737321572485745,0.03289745433263512,0.04674861144607931,0.019551224314146125
random_time_hand_4,lift,66,pm1,1,0.033065484252713946,0.021696726204782107,0.027381105228748027,0.03517705349098605,0.045700312877961724,0.01956153499366486
random_time_hand_4,lift,66,pm3,3,0.032771897593271766,0.02108663723835739,0.02692926741581458,0.035743751099791166,0.04513583428972951,0.019637548438622893
random_time_hand_4,place,162,exact,0,0.03384249611016241,0.033148684901707026,0.033495590505934716,0.03384249611016241,0.05257906622897826,0.019839843750677023
random_time_hand_4,place,162,pm1,1,0.03357042306792242,0.033138246812054094,0.03335433493998826,0.03556027628531566,0.05204562510197456,0.019826252895404267
random_time_hand_4,place,162,pm3,3,0.03135057193325748,0.03297706610241251,0.032163819017835,0.03585334816402118,0.049639550372300355,0.019766909321708714
random_time_hand_4,release,167,exact,0,0.009726571988377196,0.028015997983032448,0.018871284985704822,0.028015997983032448,0.030237584747616245,0.019306558403562872
random_time_hand_4,release,167,pm1,1,0.010241547676602224,0.028610764531430383,0.019426156104016306,0.029159964580434072,0.031147014528429825,0.019310615203225263
random_time_hand_4,release,167,pm3,3,0.01257664397803968,0.02769368500186259,0.020135164489951136,0.030606014763605575,0.032480443808364054,0.01934437060132373
wrong_body,contact,30,exact,0,0.040232233474114865,0.04500374885076698,0.04261799116244092,0.04500374885076698,0.06553683994297078,0.020552998435048278
wrong_body,contact,30,pm1,1,0.039829379224175614,0.04631487770450098,0.0430721284643383,0.04721249594465299,0.06502185184652814,0.020368493970882837
wrong_body,contact,30,pm3,3,0.0391826468629128,0.045240065289208604,0.042211356076060705,0.048789166221761174,0.06276633412694498,0.020195702489852828
wrong_body,lift,66,exact,0,0.03526652967001559,0.02340842917094397,0.02933747942047978,0.03526652967001559,0.0461855942211714,0.018845518332416236
wrong_body,lift,66,pm1,1,0.03506895813333703,0.022384558362900837,0.028726758248118933,0.03650424685541811,0.04494841367039067,0.018917458397687163
wrong_body,lift,66,pm3,3,0.03394771309619215,0.02208956527347163,0.028018639184831887,0.03650424685541811,0.04483488465581865,0.01913100835016592
wrong_body,place,162,exact,0,0.034577305181494,0.03402720349236803,0.034302254336931015,0.034577305181494,0.054402174436920823,0.019859120719291593
wrong_body,place,162,pm1,1,0.03442418151067898,0.03401799666555561,0.034221089088117294,0.03639960753134942,0.054080607637237876,0.01984924443259121
wrong_body,place,162,pm3,3,0.032573834958312335,0.03405320151194919,0.03331351823513076,0.0371052057278944,0.052328850965958386,0.019779897238423626
wrong_body,release,167,exact,0,0.01058686875156186,0.03402197705559464,0.02230442290357825,0.03402197705559464,0.038045148291283776,0.019506447868275628
wrong_body,release,167,pm1,1,0.011557944147983326,0.03393814400262062,0.02274804407530197,0.035087563071220185,0.03819441568206997,0.019454548745468002
wrong_body,release,167,pm3,3,0.01433313223778615,0.03062936292847943,0.022481247583132795,0.035087563071220185,0.03807012321558882,0.01943513366289899
semantic_weight,contact,30,exact,0,0.038224497146698386,0.041060029762810424,0.039642263454754405,0.041060029762810424,0.06263786604228723,0.020704389362003348
semantic_weight,contact,30,pm1,1,0.03864359198777023,0.04128709942768827,0.03996534570772925,0.04360019455568272,0.06199384826334534,0.02052944138825694
semantic_weight,contact,30,pm3,3,0.03822032089081074,0.04127059306126716,0.03974545697603895,0.046713320824142104,0.06020163671939608,0.020307841189113964
semantic_weight,lift,66,exact,0,0.029626425761440325,0.01786225737151048,0.023744341566475403,0.029626425761440325,0.041388906970273066,0.018854487251904743
semantic_weight,lift,66,pm1,1,0.030573498425752892,0.019815475543744077,0.025194486984748483,0.03144239998411601,0.04201934440124575,0.018827300170876443
semantic_weight,lift,66,pm3,3,0.0311961469988457,0.020233577545513023,0.025714862272179357,0.03431804190368795,0.04250196624050308,0.0190111353070188
semantic_weight,place,162,exact,0,0.03413482096988406,0.03049109758465966,0.03231295927727186,0.03413482096988406,0.05026039247894987,0.019853027397435913
semantic_weight,place,162,pm1,1,0.03382200594661237,0.030889298345500773,0.03235565214605656,0.03600456871257783,0.050091452210474806,0.019847186377427474
semantic_weight,place,162,pm3,3,0.03149423375241412,0.03166920207121476,0.03158171791181443,0.036357026405038635,0.048559955384418076,0.0197664539927675
semantic_weight,release,167,exact,0,0.008465932175846548,0.026927788953760023,0.017696860564803286,0.026927788953760023,0.029212538019011143,0.01934622686876033
semantic_weight,release,167,pm1,1,0.009494019508932137,0.02739392293037798,0.018443971219655058,0.028247628376693507,0.030063925319442658,0.019331765133702022
semantic_weight,release,167,pm3,3,0.011968516914834072,0.026549413119970226,0.01925896501740215,0.029301411474088823,0.03130154075538806,0.01936037226029102
semantic_refine,contact,30,exact,0,0.04013673217377796,0.0450586213909171,0.04259767678234753,0.0450586213909171,0.06546855434562959,0.020545828488801487
semantic_refine,contact,30,pm1,1,0.03996070711106656,0.046303020234826055,0.0431318636729463,0.04710686538212075,0.06509703092459379,0.02036706712797248
semantic_refine,contact,30,pm3,3,0.03935674443639593,0.045312419229218484,0.042334581832807215,0.04880660766611071,0.0628794686156733,0.02018060285782749
semantic_refine,lift,66,exact,0,0.03337365773368846,0.020456142708571684,0.02691490022113007,0.03337365773368846,0.04597795748267433,0.01955484604617143
semantic_refine,lift,66,pm1,1,0.03349295289484067,0.021103873587711392,0.02729841324127603,0.03498724478948729,0.04544526027611406,0.01952294659500172
semantic_refine,lift,66,pm3,3,0.03312652699043148,0.020856888937513533,0.026991707963972506,0.035772299334437735,0.0449329967730441,0.019615352113136097
semantic_refine,place,162,exact,0,0.03491576113610953,0.033741846585014834,0.03432880386056218,0.03491576113610953,0.05455611377749864,0.01984393553547062
semantic_refine,place,162,pm1,1,0.03462496743460458,0.03373409814925748,0.03417953279193103,0.03663433454241129,0.05412542374777,0.019836405349845466
semantic_refine,place,162,pm3,3,0.032651665799107124,0.033949034433922345,0.033300350116514735,0.03709711206578634,0.05232538799403809,0.019761707686122735
semantic_refine,release,167,exact,0,0.011040925948695525,0.03420108457950826,0.022621005264101893,0.03420108457950826,0.03820370702097198,0.019454665520429303
semantic_refine,release,167,pm1,1,0.01189477837831007,0.0342105597832014,0.023052669080755737,0.03563768221364966,0.03835236379511424,0.01940405168920648
semantic_refine,release,167,pm3,3,0.014540274802903642,0.030787148004167014,0.022663711403535326,0.03563768221364966,0.03815393202421262,0.019391683652522074
weight_refine,contact,30,exact,0,0.037429467604926325,0.03988564363927793,0.03865755562210213,0.03988564363927793,0.06197353283973059,0.020778723675755974
weight_refine,contact,30,pm1,1,0.03802006542736724,0.04157054258063946,0.03979530400400334,0.043940432554972514,0.0619006887228774,0.020560017347153826
weight_refine,contact,30,pm3,3,0.03796341470074575,0.041087700510551176,0.039525557605648465,0.046713320824142104,0.06002422054758145,0.020332888988733692
weight_refine,lift,66,exact,0,0.029446643162855862,0.016068981115650124,0.022757812139252993,0.029446643162855862,0.040638433710227226,0.01886893027531038
weight_refine,lift,66,pm1,1,0.03024198102207142,0.017818164233351794,0.024030072627711604,0.030726904766794474,0.04114146775639899,0.018854206090529017
weight_refine,lift,66,pm3,3,0.030904887992332482,0.017967489625608308,0.02443618880897039,0.03434480836044612,0.041477360330908104,0.019052878227070802
weight_refine,place,162,exact,0,0.03419835062860872,0.0304223433499177,0.03231034698926321,0.03419835062860872,0.05022164946439263,0.019851753608893654
weight_refine,place,162,pm1,1,0.03387936024091625,0.030864917964986898,0.03237213910295158,0.03608577902820731,0.050052770834402044,0.019843178435163627
weight_refine,place,162,pm3,3,0.03172058526137495,0.031560357816830656,0.0316404715391028,0.03635510539269471,0.04862554213851863,0.01976144411491146
weight_refine,release,167,exact,0,0.008407678981346839,0.026945406757095773,0.017676542869221306,0.026945406757095773,0.029164604053841428,0.019343763187542502
weight_refine,release,167,pm1,1,0.009035155886385267,0.027542585015305616,0.01828887045084544,0.028524962670306728,0.029944979241700684,0.019334630221059638
weight_refine,release,167,pm3,3,0.011979860628564206,0.026455328130394827,0.019217594379479515,0.02876652882072018,0.031299948217302684,0.01936061025644144
random_refine_0,contact,30,exact,0,0.040228909380725875,0.04506488455130496,0.04264689696601542,0.04506488455130496,0.06551153366696527,0.02054363992020352
random_refine_0,contact,30,pm1,1,0.03998414942730288,0.046295720235310985,0.04313993483130694,0.04708564233852834,0.06510184971918916,0.02036327553629895
random_refine_0,contact,30,pm3,3,0.03944647830728615,0.04535129290050521,0.042398885603895674,0.048788375470274495,0.06292208474103281,0.020176531638521254
random_refine_0,lift,66,exact,0,0.032970520985817375,0.0222580501406267,0.027614285563222037,0.032970520985817375,0.04650902407985815,0.01955757408172501
random_refine_0,lift,66,pm1,1,0.033041855567460025,0.022187083935155987,0.027614469751308005,0.03502580565876092,0.04582147418983578,0.019539953998719304
random_refine_0,lift,66,pm3,3,0.03280067511085133,0.021900088945112934,0.02735038202798213,0.03573820160010961,0.045504648476606034,0.019606663745561904
random_refine_0,place,162,exact,0,0.034577580869055435,0.03411311536301681,0.03434534811603612,0.034577580869055435,0.05437065145158666,0.019826733218083075
random_refine_0,place,162,pm1,1,0.034482268148864244,0.03386834223343504,0.03417530519114964,0.0366336972465149,0.05400073713045018,0.019826543742300518
random_refine_0,place,162,pm3,3,0.0326467718619028,0.03401017136283336,0.033328471612368085,0.03709405126783519,0.052294287367049996,0.019756099667778592
random_refine_0,release,167,exact,0,0.011124202902409022,0.03404310191910844,0.022583652410758732,0.03404310191910844,0.038094725489482686,0.019455312715540723
random_refine_0,release,167,pm1,1,0.01183949480026185,0.03409165651532612,0.022965575657793984,0.03545405977254573,0.03824946776059617,0.019407240661640745
random_refine_0,release,167,pm3,3,0.01454497540882953,0.030739165087124067,0.022642070247976792,0.03545405977254573,0.038115153548796486,0.019391538802074535
random_refine_1,contact,30,exact,0,0.04025552111895668,0.045058253093371886,0.04265688710616428,0.045058253093371886,0.0655271414119424,0.020542669758224975
random_refine_1,contact,30,pm1,1,0.0398152441320962,0.04635942199232276,0.043087333062209486,0.047271794104287806,0.06499380730082462,0.020360149281519285
random_refine_1,contact,30,pm3,3,0.039293896880008936,0.04531004399721132,0.04230197043861012,0.04880660766611071,0.06282685957313425,0.020178870107946046
random_refine_1,lift,66,exact,0,0.03310760918353069,0.022588755307383808,0.027848182245457247,0.03310760918353069,0.046660570562814,0.019549966940535533
random_refine_1,lift,66,pm1,1,0.0331212252545374,0.021705707097057086,0.027413466175797246,0.0350908597725419,0.04571481403318819,0.019557782572693347
random_refine_1,lift,66,pm3,3,0.032790630370693186,0.021091723833579944,0.026941177102136567,0.03567299524225749,0.04514468629005834,0.01963739662349646
random_refine_1,place,162,exact,0,0.03454985604034516,0.033818812811954216,0.03418433442614969,0.03454985604034516,0.05422896253435637,0.01983546584587376
random_refine_1,place,162,pm1,1,0.03444406820667673,0.0337986726264913,0.03412137041658402,0.036613849533702086,0.05394536598879538,0.01982816748244096
random_refine_1,place,162,pm3,3,0.032613365239227525,0.0339786361024307,0.03329600067082912,0.0371019663437863,0.052266398615459675,0.01975726797185127
random_refine_1,release,167,exact,0,0.011131282168620617,0.034178309634460106,0.02265479590154036,0.034178309634460106,0.03823627183245586,0.019452866678324465
random_refine_1,release,167,pm1,1,0.011891857904658595,0.03414842706325374,0.023020142483956164,0.03546270395821485,0.03831905295088036,0.019406099319820132
random_refine_1,release,167,pm3,3,0.014543643203042592,0.030765887168046683,0.022654765185544636,0.03546270395821485,0.038140898296430144,0.019391375799678572
random_refine_2,contact,30,exact,0,0.04024418922978221,0.04506258467535024,0.04265338695256622,0.04506258467535024,0.06552454260948576,0.020542382396621102
random_refine_2,contact,30,pm1,1,0.03980843568952283,0.04636360926695198,0.0430860224782374,0.04727614257794195,0.06499290655119182,0.020359909977586486
random_refine_2,contact,30,pm3,3,0.03928682409521887,0.04531480306472802,0.042300813579973444,0.048812446985146155,0.06282533586433404,0.020178560629315553
random_refine_2,lift,66,exact,0,0.03346589809762146,0.022605258335579602,0.02803557821660053,0.03346589809762146,0.046573666315019864,0.019519547396453316
random_refine_2,lift,66,pm1,1,0.033278042116488625,0.021769804280471428,0.027523923198480026,0.03499112925889374,0.045769627378493556,0.019518138861262992
random_refine_2,lift,66,pm3,3,0.032852580365701066,0.021123329951937848,0.026987955158819455,0.035615134350986344,0.045157111101086264,0.019615371539226018
random_refine_2,place,162,exact,0,0.034565908356713235,0.033805076826728425,0.03418549259172083,0.034565908356713235,0.054238087261666554,0.01983421377412623
random_refine_2,place,162,pm1,1,0.03445863583052545,0.03378315401275576,0.03412089492164061,0.03662319481584948,0.05394919886194368,0.01982697089881054
random_refine_2,place,162,pm3,3,0.03262844634758094,0.03396634019569366,0.0332973932716373,0.03709337187997745,0.052271485965330364,0.01975720231200227
random_refine_2,release,167,exact,0,0.011177825608460125,0.034051688252993574,0.02261475693072685,0.034051688252993574,0.03816418010483351,0.019453736982555626
random_refine_2,release,167,pm1,1,0.011848571081316733,0.03409748776604069,0.02297302942367871,0.03545507606924887,0.03827139323633425,0.019405381289496156
random_refine_2,release,167,pm3,3,0.014543025050064582,0.03073564089095902,0.022639332970511804,0.03545507606924887,0.03812932299525162,0.01939015326637172
random_refine_3,contact,30,exact,0,0.04024341891278983,0.04506930292818849,0.04265636092048916,0.04506930292818849,0.06551379620270904,0.020545551750149042
random_refine_3,contact,30,pm1,1,0.0399751318139834,0.04632011246641373,0.043147622140198565,0.04714163189767413,0.06509107439239896,0.020364121642002356
random_refine_3,contact,30,pm3,3,0.03938295055047251,0.04531839230695107,0.04235067142871178,0.04880308123379404,0.06288499139623999,0.020178585349838407
random_refine_3,lift,66,exact,0,0.0328588491099637,0.020443106856775306,0.026650977983369503,0.0328588491099637,0.04607846391322022,0.019565900245357662
random_refine_3,lift,66,pm1,1,0.03302027128973948,0.021077338475750967,0.027048804882745223,0.03467671081410876,0.045648027504679695,0.019552372419581656
random_refine_3,lift,66,pm3,3,0.03270621347920517,0.020958151844719525,0.026832182661962353,0.03550240786572745,0.045170278448116476,0.019623283459267355
random_refine_3,place,162,exact,0,0.03461169062733614,0.03409686235682724,0.03435427649208169,0.03461169062733614,0.05437569786478985,0.019834236070439666
random_refine_3,place,162,pm1,1,0.034493011867075804,0.03385715491177944,0.03417508338942762,0.03663584651048579,0.05398056237894761,0.019833545216739506
random_refine_3,place,162,pm3,3,0.032659118417981074,0.03398969386693624,0.03332440614245866,0.03706680511527481,0.05227877973786343,0.019764087898496707
random_refine_3,release,167,exact,0,0.011110482871799193,0.03418022641813275,0.022645354644965972,0.03418022641813275,0.03819291181879948,0.019457394400003273
random_refine_3,release,167,pm1,1,0.011838737273669082,0.03414209170083705,0.02299041448725307,0.03546856638896541,0.03828248641735913,0.01941156777753189
random_refine_3,release,167,pm3,3,0.014541942357653336,0.030751240623558652,0.022646591490605997,0.03546856638896541,0.03812223721848733,0.019396744679045928
random_refine_4,contact,30,exact,0,0.040253163781160964,0.04507055688997427,0.04266186033556762,0.04507055688997427,0.06551789442599365,0.02054337864813548
random_refine_4,contact,30,pm1,1,0.03981154030246716,0.04638420557261443,0.04309787293754078,0.04731474276044423,0.06499047889024592,0.02035928534133567
random_refine_4,contact,30,pm3,3,0.03929215550131377,0.04532841857694442,0.0423102870391291,0.04881756024764826,0.06282189261895973,0.020179436644308286
random_refine_4,lift,66,exact,0,0.032881226513473014,0.02257794001009903,0.027729583261786022,0.032881226513473014,0.04671830826308669,0.019546810229929806
random_refine_4,lift,66,pm1,1,0.0330517559652671,0.02169031632159261,0.027371036143429856,0.03519571764953746,0.04566919174333683,0.01955686813655594
random_refine_4,lift,66,pm3,3,0.03274526870401183,0.021059538021154334,0.026902403362583083,0.0357415293572545,0.04509253534037302,0.019634164068475655
random_refine_4,place,162,exact,0,0.03462280772680493,0.034089843116453175,0.03435632542162905,0.03462280772680493,0.05438486093891399,0.01983155959819141
random_refine_4,place,162,pm1,1,0.034505423676052895,0.03384947812569405,0.03417745090087347,0.03665070656498445,0.05399129181724377,0.019830943221563552
random_refine_4,place,162,pm3,3,0.03267644872749204,0.03398103652709718,0.03332874262729461,0.037060632653450096,0.05229331184913853,0.0197613906285978
random_refine_4,release,167,exact,0,0.011158626070416282,0.034174914138867384,0.022666770104641833,0.034174914138867384,0.03823680885691597,0.019454749171082465
random_refine_4,release,167,pm1,1,0.011852756654880557,0.03413982944680915,0.022996293050844857,0.03546282487705894,0.03830020961442241,0.01940896204989478
random_refine_4,release,167,pm3,3,0.014559768769741495,0.030750230515637557,0.022654999642689518,0.03546282487705894,0.03814642766826187,0.019394249270085668
weight_random_refine_0,contact,30,exact,0,0.03805815401405954,0.040991700872396425,0.03952492744322798,0.040991700872396425,0.06254219234946219,0.02071158004126316
weight_random_refine_0,contact,30,pm1,1,0.03864670271981527,0.04123247880689045,0.039939590763352864,0.04356779690656726,0.06196598213861957,0.020532226702763102
weight_random_refine_0,contact,30,pm3,3,0.03823398516867005,0.04115569257947549,0.03969483887407277,0.04672281662175981,0.06014776493179842,0.02031216456168709
weight_random_refine_0,lift,66,exact,0,0.029648843838743777,0.01710790508916931,0.023378374463956544,0.029648843838743777,0.04109824195969858,0.018882760534338267
weight_random_refine_0,lift,66,pm1,1,0.030519358049516738,0.01967052440747108,0.02509494122849391,0.031339560767640176,0.04191474440441959,0.018834845527164665
weight_random_refine_0,lift,66,pm3,3,0.03126713595005549,0.01880317423101679,0.025035155090536138,0.03432194641015848,0.041940621699261126,0.019038679951108632
weight_random_refine_0,place,162,exact,0,0.03414932784446413,0.03047991705418675,0.03231462244932544,0.03414932784446413,0.05025068573615969,0.019853372562489018
weight_random_refine_0,place,162,pm1,1,0.03381046188255903,0.03093045938217888,0.03237046063236895,0.03597333791349497,0.05007754309330679,0.019845886081218237
weight_random_refine_0,place,162,pm3,3,0.03156060847897899,0.03166799402312355,0.03161430125105127,0.036342417186525686,0.04859462875727475,0.01976528002334796
weight_random_refine_0,release,167,exact,0,0.008441488288123508,0.026911365494817853,0.01767642689147068,0.026911365494817853,0.029196607255270027,0.0193478496619957
weight_random_refine_0,release,167,pm1,1,0.009457208566413156,0.02738193688805882,0.01841957272723599,0.028232150604682503,0.03004568535440967,0.019333665101755475
weight_random_refine_0,release,167,pm3,3,0.011950557108777763,0.026542081343673116,0.019246319226225442,0.029294815489380635,0.031292141976291425,0.01936149369950777
weight_random_refine_1,contact,30,exact,0,0.038224497146698386,0.041060029762810424,0.039642263454754405,0.041060029762810424,0.06263786604228723,0.020704389362003348
weight_random_refine_1,contact,30,pm1,1,0.03864359198777023,0.04128709942768827,0.03996534570772925,0.04360019455568272,0.06199384826334534,0.02052944138825694
weight_random_refine_1,contact,30,pm3,3,0.03822032089081074,0.04127059306126716,0.03974545697603895,0.046713320824142104,0.06020163671939608,0.020307841189113964
weight_random_refine_1,lift,66,exact,0,0.029821667901757096,0.018026229093391376,0.023923948497574236,0.029821667901757096,0.0415274587415099,0.018860961963548174
weight_random_refine_1,lift,66,pm1,1,0.03052423737960962,0.02010298134172993,0.025313609360669776,0.031231355961869267,0.04213872051726968,0.018845087443595882
weight_random_refine_1,lift,66,pm3,3,0.031170844518104996,0.01886924502278067,0.025020044770442833,0.0343716950694614,0.0419274336868365,0.019066712645606006
weight_random_refine_1,place,162,exact,0,0.03408128069118596,0.030442274258881238,0.0322617774750336,0.03408128069118596,0.05018607733264091,0.019850956970722478
weight_random_refine_1,place,162,pm1,1,0.033817119986946094,0.030906027477385356,0.03236157373216573,0.03599776033191292,0.05003719043191646,0.01983778830274102
weight_random_refine_1,place,162,pm3,3,0.031772238890751626,0.03156075656277265,0.03166649772676214,0.036330000552186416,0.0486645527301816,0.019757077450653752
weight_random_refine_1,release,167,exact,0,0.008711889981747725,0.026648121297716834,0.01768000563973228,0.026648121297716834,0.02921497625200633,0.019355595623973917
weight_random_refine_1,release,167,pm1,1,0.009199936355069072,0.027541946694072755,0.018370941524570913,0.02907443637835449,0.029908621486008646,0.019342715377169546
weight_random_refine_1,release,167,pm3,3,0.012032829175711773,0.026491218940098368,0.01926202405790507,0.02907443637835449,0.031306008218242566,0.019361753061406306
weight_random_refine_2,contact,30,exact,0,0.03823737404357018,0.041079681206741436,0.03965852762515581,0.041079681206741436,0.06265170248344976,0.020702873931253547
weight_random_refine_2,contact,30,pm1,1,0.03866057949301859,0.041302851150603385,0.03998171532181099,0.04361065728710256,0.06200727317643237,0.020527913634687003
weight_random_refine_2,contact,30,pm3,3,0.03822232826160953,0.041286505661218255,0.039754416961413894,0.04671845274042358,0.06020961128987801,0.02030657878809377
weight_random_refine_2,lift,66,exact,0,0.030716759226005003,0.021923487603427515,0.02632012341471626,0.030716759226005003,0.04342447774520322,0.01870891028816191
weight_random_refine_2,lift,66,pm1,1,0.02995765183169712,0.018853610010977687,0.024405630921337407,0.030716759226005003,0.04137542908339664,0.018825076960805553
weight_random_refine_2,lift,66,pm3,3,0.03080632386829691,0.018430510518779142,0.02461841719353803,0.034630425486149224,0.041589455092306826,0.019039727132051203
weight_random_refine_2,place,162,exact,0,0.034156826090003506,0.030334100855245853,0.03224546347262468,0.034156826090003506,0.05018360821224907,0.01985652318737835
weight_random_refine_2,place,162,pm1,1,0.03386957856426312,0.03077119369202226,0.03232038612814269,0.03607539767201828,0.05000478474061563,0.01984245621214825
weight_random_refine_2,place,162,pm3,3,0.03154803955702491,0.03157343654768813,0.03156073805235652,0.03633750863696986,0.04851368966943221,0.019766560299470753
weight_random_refine_2,release,167,exact,0,0.008536056943764199,0.02679303612169629,0.017664546532730245,0.02679303612169629,0.02917055249022043,0.019349327861145724
weight_random_refine_2,release,167,pm1,1,0.009565767564380058,0.027270065387203474,0.018417916475791763,0.02810411833069923,0.03002381032165213,0.01933483648240722
weight_random_refine_2,release,167,pm3,3,0.012023159135163724,0.026398245327775603,0.019210702231469666,0.029171193061124798,0.03124259472669254,0.019365173601770754
weight_random_refine_3,contact,30,exact,0,0.03823182754653191,0.04089280455287979,0.03956231604970585,0.04089280455287979,0.06259395324227865,0.020708587606005805
weight_random_refine_3,contact,30,pm1,1,0.03876828049644867,0.041185897752446556,0.03997708912444761,0.04352619656808418,0.06200001798213991,0.02052949606347949
weight_random_refine_3,contact,30,pm3,3,0.038256346392328236,0.04119952614966275,0.03972793627099551,0.046991754069859865,0.06015179048333012,0.02030559715374833
weight_random_refine_3,lift,66,exact,0,0.03002283200648928,0.01682588216695305,0.023424357086721165,0.03002283200648928,0.04106776492336482,0.018854738164526735
weight_random_refine_3,lift,66,pm1,1,0.030427732062105084,0.01961324141868901,0.025020486740397047,0.030643515636031265,0.041878614468897506,0.018830487634666368
weight_random_refine_3,lift,66,pm3,3,0.03104767523283522,0.0187305630512332,0.02488911914203421,0.03412608141304978,0.04177401490009549,0.019046809394884855
weight_random_refine_3,place,162,exact,0,0.034103837469014006,0.030425023958253316,0.03226443071363366,0.034103837469014006,0.050218659504675814,0.019861440049432293
weight_random_refine_3,place,162,pm1,1,0.033845096607379825,0.030857679494669613,0.03235138805102472,0.036018126596389685,0.05007826019291786,0.019853831048356217
weight_random_refine_3,place,162,pm3,3,0.03171686208930009,0.03157508807069992,0.031645975080000006,0.03633658003793516,0.048647219820892824,0.019768438429373775
weight_random_refine_3,release,167,exact,0,0.009875389706310779,0.026871614351261744,0.01837350202878626,0.026871614351261744,0.029562210292977387,0.019317931488614323
weight_random_refine_3,release,167,pm1,1,0.009821480478292328,0.027562389889970815,0.018691935184131574,0.02878151101006196,0.030038574757784643,0.01932598255077525
weight_random_refine_3,release,167,pm3,3,0.012313170861346229,0.026555352377005504,0.019434261619175868,0.028853483258625447,0.03140022231547121,0.019355149482804892
weight_random_refine_4,contact,30,exact,0,0.03822150817316765,0.041104253318710635,0.03966288074593914,0.041104253318710635,0.06265140851875028,0.020707345029039613
weight_random_refine_4,contact,30,pm1,1,0.0386388947667915,0.04132427153256688,0.039981583149679194,0.04362283543682234,0.06200550151293686,0.02053266150604766
weight_random_refine_4,contact,30,pm3,3,0.03821958609542998,0.04131670058094387,0.03976814333818692,0.046725750082605,0.060221286448736755,0.020309934500540687
weight_random_refine_4,lift,66,exact,0,0.029679119446578167,0.01712497155909097,0.02340204550283457,0.029679119446578167,0.04112314239012742,0.018883321508767745
weight_random_refine_4,lift,66,pm1,1,0.03075651797355457,0.01968248358060755,0.025219500777081058,0.0319043707189359,0.042018310533525303,0.018820848555334606
weight_random_refine_4,lift,66,pm3,3,0.031023687663570755,0.01878085769822371,0.024902272680897234,0.034119012262600196,0.041798921305228366,0.019037077235306673
weight_random_refine_4,place,162,exact,0,0.03411334937031377,0.03043115393605059,0.03227225165318218,0.03411334937031377,0.05023435038788681,0.019858195252655537
weight_random_refine_4,place,162,pm1,1,0.033858873721354404,0.030861051767354302,0.032359962744354355,0.036037474936668396,0.050094737066444024,0.019850060205659766
weight_random_refine_4,place,162,pm3,3,0.03172661270739977,0.031580914613067744,0.03165376366023375,0.03633838005970285,0.048661522756254315,0.019764537569107187
weight_random_refine_4,release,167,exact,0,0.008382263051542015,0.027064532557393342,0.01772339780446768,0.027064532557393342,0.029212216441850746,0.019343149260005653
weight_random_refine_4,release,167,pm1,1,0.009090167222647811,0.027576775886145915,0.018333471554396862,0.02860219522067188,0.02998081547106632,0.019333695428404556
weight_random_refine_4,release,167,pm3,3,0.011988495273266076,0.026561920219536617,0.019275207746401343,0.028859875156179625,0.03135349096798233,0.0193573547403187
