frame,old_budget,new_budget,reason,actual_extra_iterations
1,1,2,penetration,1
2,1,2,penetration,1
3,1,2,penetration,1
5,1,2,penetration,1
6,1,2,penetration,1
6,2,4,penetration,2
6,4,10,penetration,6
7,1,2,penetration,1
7,2,4,penetration,2
7,4,10,penetration,6
8,1,2,penetration,1
8,2,4,penetration,2
8,4,10,penetration,6
9,1,2,penetration,1
9,2,4,penetration,2
9,4,10,penetration,6
10,1,2,penetration,1
10,2,4,penetration,2
10,4,10,penetration,6
11,1,2,penetration,1
11,2,4,penetration,2
11,4,10,penetration,6
12,1,2,penetration,1
12,2,4,penetration,2
12,4,10,penetration,6
13,1,2,penetration,1
13,2,4,penetration,2
13,4,10,penetration,6
14,1,2,penetration,1
14,2,4,penetration,2
14,4,10,penetration,6
15,1,2,penetration,1
15,2,4,penetration,2
15,4,10,penetration,6
16,1,2,penetration,1
16,2,4,penetration,2
16,4,10,penetration,6
17,1,2,penetration,1
17,2,4,penetration,2
17,4,10,penetration,6
18,1,2,penetration,1
18,2,4,penetration,2
18,4,10,penetration,5
19,1,2,penetration,1
19,2,4,penetration,2
19,4,10,penetration,2
20,1,2,penetration,1
20,2,4,penetration,2
20,4,10,penetration,6
21,1,2,penetration,1
21,2,4,penetration,2
21,4,10,penetration,6
22,1,2,penetration,1
22,2,4,penetration,2
22,4,10,penetration,2
23,1,2,penetration,1
23,2,4,penetration,2
23,4,10,penetration,6
24,1,2,penetration,1
24,2,4,penetration,2
24,4,10,penetration,6
25,1,2,penetration,1
25,2,4,penetration,2
25,4,10,penetration,2
26,1,2,penetration,1
26,2,4,penetration,2
26,4,10,penetration,6
27,4,10,multiple:penetration|hand_object_residual,2
28,4,10,multiple:penetration|hand_object_residual,2
29,4,10,multiple:penetration|hand_object_residual,5
31,4,10,multiple:penetration|hand_object_residual,6
32,4,10,multiple:penetration|hand_object_residual,6
33,4,10,multiple:penetration|hand_object_residual,2
34,2,4,multiple:penetration|hand_object_residual,2
34,4,10,multiple:penetration|hand_object_residual,6
35,2,4,multiple:penetration|hand_object_residual,2
35,4,10,multiple:penetration|hand_object_residual,6
36,2,4,multiple:penetration|hand_object_residual,2
36,4,10,multiple:penetration|hand_object_residual,6
37,2,4,multiple:penetration|hand_object_residual,2
37,4,10,multiple:penetration|hand_object_residual,6
38,2,4,multiple:penetration|hand_object_residual,2
38,4,10,multiple:penetration|hand_object_residual,6
39,2,4,penetration,2
39,4,10,penetration,6
40,2,4,penetration,2
40,4,10,penetration,6
41,2,4,penetration,2
41,4,10,penetration,6
42,2,4,penetration,2
42,4,10,penetration,6
43,2,4,penetration,2
43,4,10,penetration,6
44,2,4,penetration,2
44,4,10,penetration,6
45,2,4,penetration,2
45,4,10,penetration,6
46,2,4,penetration,2
46,4,10,penetration,6
47,2,4,penetration,2
47,4,10,penetration,6
48,2,4,multiple:penetration|hand_object_residual,2
48,4,10,penetration,6
49,2,4,multiple:penetration|hand_object_residual,2
49,4,10,multiple:penetration|hand_object_residual,6
50,2,4,multiple:penetration|hand_object_residual,2
50,4,10,multiple:penetration|hand_object_residual,6
51,2,4,multiple:penetration|hand_object_residual,2
51,4,10,multiple:penetration|hand_object_residual,6
52,2,4,multiple:penetration|hand_object_residual,2
52,4,10,multiple:penetration|hand_object_residual,6
53,2,4,multiple:penetration|hand_object_residual,2
53,4,10,multiple:penetration|hand_object_residual,6
54,2,4,multiple:penetration|hand_object_residual,2
54,4,10,multiple:penetration|hand_object_residual,6
55,2,4,multiple:penetration|hand_object_residual,2
55,4,10,multiple:penetration|hand_object_residual,6
56,2,4,multiple:penetration|hand_object_residual,2
56,4,10,multiple:penetration|hand_object_residual,6
57,2,4,multiple:penetration|hand_object_residual,2
57,4,10,multiple:penetration|hand_object_residual,6
58,2,4,multiple:penetration|hand_object_residual,2
58,4,10,multiple:penetration|hand_object_residual,6
59,2,4,multiple:penetration|hand_object_residual,2
59,4,10,multiple:penetration|hand_object_residual,6
60,2,4,multiple:penetration|hand_object_residual,2
60,4,10,multiple:penetration|hand_object_residual,6
61,2,4,multiple:penetration|hand_object_residual,2
61,4,10,multiple:penetration|hand_object_residual,6
62,2,4,multiple:penetration|hand_object_residual,2
62,4,10,multiple:penetration|hand_object_residual,6
63,4,10,multiple:penetration|hand_object_residual,6
64,4,10,multiple:penetration|hand_object_residual,6
65,4,10,multiple:penetration|hand_object_residual,6
67,4,10,multiple:penetration|hand_object_residual,6
68,4,10,multiple:penetration|hand_object_residual,6
69,4,10,multiple:penetration|hand_object_residual,6
70,2,4,multiple:penetration|hand_object_residual,2
70,4,10,multiple:penetration|hand_object_residual,6
71,2,4,multiple:penetration|hand_object_residual,2
71,4,10,multiple:penetration|hand_object_residual,6
72,2,4,multiple:penetration|hand_object_residual,2
72,4,10,multiple:penetration|hand_object_residual,6
73,2,4,multiple:penetration|hand_object_residual,2
73,4,10,multiple:penetration|hand_object_residual,6
74,2,4,multiple:penetration|hand_object_residual,2
74,4,10,multiple:penetration|hand_object_residual,6
75,2,4,multiple:penetration|hand_object_residual,2
75,4,10,multiple:penetration|hand_object_residual,6
76,2,4,multiple:penetration|hand_object_residual,2
76,4,10,multiple:penetration|hand_object_residual,6
77,2,4,multiple:penetration|hand_object_residual,2
77,4,10,multiple:penetration|hand_object_residual,6
78,2,4,multiple:penetration|hand_object_residual,2
78,4,10,multiple:penetration|hand_object_residual,6
79,2,4,multiple:penetration|hand_object_residual,2
79,4,10,multiple:penetration|hand_object_residual,6
80,2,4,multiple:penetration|hand_object_residual,2
80,4,10,multiple:penetration|hand_object_residual,6
81,2,4,multiple:penetration|hand_object_residual,2
81,4,10,multiple:penetration|hand_object_residual,6
82,2,4,multiple:penetration|hand_object_residual,2
82,4,10,multiple:penetration|hand_object_residual,6
83,2,4,multiple:penetration|hand_object_residual,2
83,4,10,multiple:penetration|hand_object_residual,6
84,2,4,multiple:penetration|hand_object_residual,2
84,4,10,multiple:penetration|hand_object_residual,6
85,2,4,multiple:penetration|hand_object_residual,2
85,4,10,multiple:penetration|hand_object_residual,6
86,2,4,multiple:penetration|hand_object_residual,2
86,4,10,multiple:penetration|hand_object_residual,6
87,2,4,multiple:penetration|hand_object_residual,2
87,4,10,multiple:penetration|hand_object_residual,6
88,2,4,multiple:penetration|hand_object_residual,2
88,4,10,multiple:penetration|hand_object_residual,6
89,2,4,multiple:penetration|hand_object_residual,2
89,4,10,multiple:penetration|hand_object_residual,6
90,2,4,multiple:penetration|hand_object_residual,2
90,4,10,multiple:penetration|hand_object_residual,6
91,2,4,multiple:penetration|hand_object_residual,2
91,4,10,multiple:penetration|hand_object_residual,6
92,2,4,multiple:penetration|hand_object_residual,2
92,4,10,multiple:penetration|hand_object_residual,6
93,2,4,multiple:penetration|hand_object_residual,2
93,4,10,multiple:penetration|hand_object_residual,6
94,2,4,multiple:penetration|hand_object_residual,2
94,4,10,multiple:penetration|hand_object_residual,6
95,2,4,multiple:penetration|hand_object_residual,2
95,4,10,multiple:penetration|hand_object_residual,6
96,2,4,multiple:penetration|hand_object_residual,2
96,4,10,multiple:penetration|hand_object_residual,6
97,2,4,multiple:penetration|hand_object_residual,2
97,4,10,multiple:penetration|hand_object_residual,6
98,2,4,multiple:penetration|hand_object_residual,2
98,4,10,multiple:penetration|hand_object_residual,6
99,2,4,multiple:penetration|hand_object_residual,2
99,4,10,multiple:penetration|hand_object_residual,6
100,2,4,multiple:penetration|hand_object_residual,2
100,4,10,multiple:penetration|hand_object_residual,6
101,2,4,multiple:penetration|hand_object_residual,2
101,4,10,multiple:penetration|hand_object_residual,6
102,2,4,multiple:penetration|hand_object_residual,2
102,4,10,multiple:penetration|hand_object_residual,6
103,2,4,multiple:penetration|hand_object_residual,2
103,4,10,multiple:penetration|hand_object_residual,6
104,2,4,multiple:penetration|hand_object_residual,2
104,4,10,multiple:penetration|hand_object_residual,6
105,2,4,multiple:penetration|hand_object_residual,2
105,4,10,multiple:penetration|hand_object_residual,6
106,2,4,multiple:penetration|hand_object_residual,2
106,4,10,multiple:penetration|hand_object_residual,6
107,2,4,multiple:penetration|hand_object_residual,2
107,4,10,multiple:penetration|hand_object_residual,6
108,2,4,multiple:penetration|hand_object_residual,2
108,4,10,multiple:penetration|hand_object_residual,6
109,2,4,multiple:penetration|hand_object_residual,2
109,4,10,multiple:penetration|hand_object_residual,6
110,2,4,multiple:penetration|hand_object_residual,2
110,4,10,multiple:penetration|hand_object_residual,6
111,2,4,multiple:penetration|hand_object_residual,2
111,4,10,multiple:penetration|hand_object_residual,6
112,2,4,multiple:penetration|hand_object_residual,2
112,4,10,multiple:penetration|hand_object_residual,6
113,2,4,multiple:penetration|hand_object_residual,2
113,4,10,multiple:penetration|hand_object_residual,6
114,2,4,multiple:penetration|hand_object_residual,2
114,4,10,multiple:penetration|hand_object_residual,6
115,2,4,multiple:penetration|hand_object_residual,2
115,4,10,multiple:penetration|hand_object_residual,6
116,2,4,multiple:penetration|hand_object_residual,2
116,4,10,multiple:penetration|hand_object_residual,6
117,2,4,multiple:penetration|hand_object_residual,2
117,4,10,multiple:penetration|hand_object_residual,6
118,1,2,penetration,1
118,2,4,penetration,2
118,4,10,penetration,6
119,1,2,penetration,1
119,2,4,penetration,2
119,4,10,penetration,6
120,1,2,penetration,1
120,2,4,penetration,2
120,4,10,penetration,6
121,1,2,penetration,1
121,2,4,penetration,2
121,4,10,penetration,6
122,1,2,penetration,1
122,2,4,penetration,2
122,4,10,penetration,6
123,1,2,penetration,1
123,2,4,penetration,2
123,4,10,penetration,6
124,1,2,penetration,1
124,2,4,penetration,2
124,4,10,penetration,6
125,1,2,penetration,1
125,2,4,penetration,2
125,4,10,penetration,6
126,1,2,penetration,1
126,2,4,penetration,2
126,4,10,penetration,6
127,1,2,penetration,1
127,2,4,penetration,2
127,4,10,penetration,6
128,1,2,penetration,1
128,2,4,penetration,2
128,4,10,penetration,6
129,1,2,penetration,1
129,2,4,penetration,2
129,4,10,penetration,6
130,1,2,penetration,1
130,2,4,penetration,2
130,4,10,penetration,6
131,1,2,penetration,1
131,2,4,penetration,2
131,4,10,penetration,6
132,1,2,penetration,1
132,2,4,penetration,2
132,4,10,penetration,6
133,1,2,penetration,1
133,2,4,penetration,2
133,4,10,penetration,6
134,1,2,penetration,1
134,2,4,penetration,2
134,4,10,penetration,6
135,1,2,penetration,1
135,2,4,penetration,2
135,4,10,penetration,6
136,1,2,penetration,1
136,2,4,penetration,2
136,4,10,penetration,6
137,1,2,penetration,1
137,2,4,penetration,2
137,4,10,penetration,6
138,1,2,penetration,1
138,2,4,penetration,2
138,4,10,penetration,6
139,1,2,penetration,1
139,2,4,penetration,2
139,4,10,penetration,6
140,1,2,penetration,1
140,2,4,penetration,2
140,4,10,penetration,6
141,1,2,penetration,1
141,2,4,penetration,2
141,4,10,penetration,6
142,1,2,penetration,1
142,2,4,penetration,2
142,4,10,penetration,6
143,1,2,penetration,1
143,2,4,penetration,2
143,4,10,penetration,2
144,1,2,penetration,1
144,2,4,penetration,2
144,4,10,penetration,6
145,1,2,penetration,1
145,2,4,penetration,2
145,4,10,penetration,6
146,1,2,penetration,1
146,2,4,penetration,2
146,4,10,penetration,6
147,1,2,penetration,1
147,2,4,penetration,2
147,4,10,penetration,6
148,1,2,penetration,1
148,2,4,penetration,2
148,4,10,penetration,6
149,1,2,penetration,1
149,2,4,penetration,2
149,4,10,penetration,6
150,1,2,penetration,1
150,2,4,penetration,2
150,4,10,penetration,6
151,1,2,penetration,1
151,2,4,penetration,2
151,4,10,penetration,6
152,1,2,penetration,1
152,2,4,penetration,2
152,4,10,penetration,6
153,1,2,penetration,1
153,2,4,penetration,2
153,4,10,penetration,6
154,1,2,penetration,1
154,2,4,penetration,2
154,4,10,penetration,6
155,1,2,penetration,1
155,2,4,penetration,2
155,4,10,penetration,6
156,1,2,penetration,1
156,2,4,penetration,2
156,4,10,penetration,6
157,1,2,penetration,1
157,2,4,penetration,2
157,4,10,penetration,6
158,1,2,penetration,1
158,2,4,penetration,2
158,4,10,penetration,5
159,4,10,multiple:penetration|hand_object_residual,6
160,4,10,multiple:penetration|hand_object_residual,6
161,4,10,multiple:penetration|hand_object_residual,6
163,4,10,multiple:penetration|hand_object_residual,6
164,4,10,multiple:penetration|hand_object_residual,6
165,4,10,multiple:penetration|hand_object_residual,6
166,4,10,multiple:penetration|hand_object_residual,6
168,4,10,multiple:penetration|hand_object_residual,6
169,4,10,multiple:penetration|hand_object_residual,6
170,4,10,penetration,6
171,1,2,penetration,1
171,2,4,penetration,2
171,4,10,penetration,6
172,1,2,penetration,1
172,2,4,penetration,2
172,4,10,penetration,6
173,1,2,penetration,1
173,2,4,penetration,2
173,4,10,penetration,6
174,1,2,penetration,1
174,2,4,penetration,2
174,4,10,penetration,6
175,1,2,penetration,1
175,2,4,penetration,2
175,4,10,penetration,6
176,1,2,penetration,1
176,2,4,penetration,2
176,4,10,penetration,6
177,1,2,penetration,1
177,2,4,penetration,2
177,4,10,penetration,6
178,1,2,penetration,1
178,2,4,penetration,2
178,4,10,penetration,6
179,1,2,penetration,1
179,2,4,penetration,2
179,4,10,penetration,6
180,1,2,penetration,1
180,2,4,penetration,2
180,4,10,penetration,6
181,1,2,penetration,1
181,2,4,penetration,2
181,4,10,penetration,6
182,1,2,penetration,1
182,2,4,penetration,2
182,4,10,penetration,6
183,1,2,penetration,1
183,2,4,penetration,2
183,4,10,penetration,6
184,1,2,penetration,1
184,2,4,penetration,2
184,4,10,penetration,6
186,1,2,penetration,1
186,2,4,penetration,2
186,4,10,penetration,6
192,1,2,penetration,1
192,2,4,penetration,2
192,4,10,penetration,6
193,1,2,penetration,1
193,2,4,penetration,2
193,4,10,penetration,6
194,1,2,penetration,1
194,2,4,penetration,2
194,4,10,penetration,6
195,1,2,penetration,1
195,2,4,penetration,2
195,4,10,penetration,6
