method,run_key,mode,wall_time_s,actual_sqp,solver_calls,ordinary_mm,global_kf_exact_mm,part_exact_mm,edge_exact_mm,local_exact_mm,criticality_weighted_part_exact_mm,criticality_weighted_edge_exact_mm,penetration_duration,penetration_max_depth_mm,foot_skating_duration,foot_skating_max_velocity,contact_preservation,frames_at_1,frames_at_2,frames_at_3,frames_at_4,ordinary_change_vs_u2_pct,global_change_vs_u2_pct,part_improvement_vs_u2_pct,edge_improvement_vs_u2_pct,local_improvement_vs_u2_pct,physical_pass,edge_decision,criticality_decision,members,wall_time_s_std,actual_sqp_std,solver_calls_std,ordinary_mm_std,global_kf_exact_mm_std,part_exact_mm_std,edge_exact_mm_std,local_exact_mm_std,criticality_weighted_part_exact_mm_std,criticality_weighted_edge_exact_mm_std,penetration_duration_std,penetration_max_depth_mm_std,foot_skating_duration_std,foot_skating_max_velocity_std,contact_preservation_std,frames_at_1_std,frames_at_2_std,frames_at_3_std,frames_at_4_std
C0 Uniform Criticality Raw,critical_uniform_raw,uniform2_semantic_weight_uniform,29.990804038010538,440,440,21.861745904189284,22.59614432502943,40.46765220414067,58.43167486793307,22.576053953431053,39.734349958652885,57.53318222701224,0.0,0.0,0.0,0.0,1.0,0,195,0,0,0.30505618801161205,0.3053789674368732,9.317463577490583,6.199671544195783,2.874829455410989,True,Drop,Unproven/Drop,,,,,,,,,,,,,,,,,,,,
C1 Uniform Criticality Matched,critical_uniform_matched,uniform2_semantic_weight_uniform_matched,30.152634724974632,440,440,21.844870730558796,22.579817740338044,40.76050505128791,58.744264576430034,22.66017060491751,40.02019148239848,57.82852780253075,0.0,0.0,0.0,0.0,1.0,0,195,0,0,0.22763029318112496,0.23290446731166226,8.661219947543906,5.697871494904185,2.5129484934805135,True,,Unproven/Drop,,,,,,,,,,,,,,,,,,,,
C2 VLM Criticality,critical_vlm,uniform2_semantic_weight,29.91260270983912,440,440,21.843307893978082,22.582961936924217,40.91780490060076,58.82910493401155,22.680417967443752,40.15147336807024,57.89337335746816,0.0,0.0,0.0,0.0,1.0,0,195,0,0,0.22045975832411038,0.24686170822797843,8.308732255828788,5.5616773258094065,2.4258416615028886,True,,Unproven/Drop,,,,,,,,,,,,,,,,,,,,
C3 Shuffled Criticality seed=0,critical_shuffled_0,uniform2_semantic_weight_shuffled,30.045428328914568,440,440,21.843307893978082,22.582961936924217,40.91780490060076,58.82910493401155,22.680417967443752,40.15147336807024,57.89337335746816,0.0,0.0,0.0,0.0,1.0,0,195,0,0,0.22045975832411038,0.24686170822797843,8.308732255828788,5.5616773258094065,2.4258416615028886,True,,Unproven/Drop,,,,,,,,,,,,,,,,,,,,
C3 Shuffled Criticality seed=1,critical_shuffled_1,uniform2_semantic_weight_shuffled,30.075883717043325,440,440,21.843307893978082,22.582961936924217,40.91780490060076,58.82910493401155,22.680417967443752,40.15147336807024,57.89337335746816,0.0,0.0,0.0,0.0,1.0,0,195,0,0,0.22045975832411038,0.24686170822797843,8.308732255828788,5.5616773258094065,2.4258416615028886,True,,Unproven/Drop,,,,,,,,,,,,,,,,,,,,
C3 Shuffled Criticality seed=2,critical_shuffled_2,uniform2_semantic_weight_shuffled,30.046602783957496,440,440,21.847204941240456,22.57762932386237,40.69547716744683,58.66610541115976,22.684434011073776,39.96941625258628,57.76572216757838,0.0,0.0,0.0,0.0,1.0,0,195,0,0,0.2383400111791597,0.22318998059333672,8.806938641950735,5.82334035046503,2.4085641105506634,True,,Unproven/Drop,,,,,,,,,,,,,,,,,,,,
C3 Shuffled Criticality seed=3,critical_shuffled_3,uniform2_semantic_weight_shuffled,30.025869138073176,440,440,21.847204941240456,22.57762932386237,40.69547716744683,58.66610541115976,22.684434011073776,39.96941625258628,57.76572216757838,0.0,0.0,0.0,0.0,1.0,0,195,0,0,0.2383400111791597,0.22318998059333672,8.806938641950735,5.82334035046503,2.4085641105506634,True,,Unproven/Drop,,,,,,,,,,,,,,,,,,,,
C3 Shuffled Criticality seed=4,critical_shuffled_4,uniform2_semantic_weight_shuffled,30.230043288087472,440,440,21.847204941240456,22.57762932386237,40.69547716744683,58.66610541115976,22.684434011073776,39.96941625258628,57.76572216757838,0.0,0.0,0.0,0.0,1.0,0,195,0,0,0.2383400111791597,0.22318998059333672,8.806938641950735,5.82334035046503,2.4085641105506634,True,,Unproven/Drop,,,,,,,,,,,,,,,,,,,,
C3 Shuffled Criticality mean,critical_shuffled_mean,,30.08476545121521,440.0,440.0,21.845646122335506,22.57976236908711,40.784408260708396,58.731305220300484,22.682827593621766,40.042239098779866,57.816782643534296,0.0,0.0,0.0,0.0,1.0,0.0,195.0,0.0,0.0,0.23118791003713673,0.23265867164719342,8.607656087501969,5.718675140602772,2.4154751309315534,True,,Unproven/Drop,critical_shuffled_0|critical_shuffled_1|critical_shuffled_2|critical_shuffled_3|critical_shuffled_4,0.07437352909876853,0.0,0.0,0.001909155459265193,0.0026124361994446003,0.10891790037935499,0.079853131860803,0.0019674515356627297,0.08918940739573251,0.06253605605781441,0.0,0.0,0.0,0.0,0.0,0.0,0.0,0.0,0.0
